Name,Code,Code_ICAO,Country
21 Air,2I,CSB,
25Only Aviation,,ONY,
2Excel Aviation,,BRO,Netherlands
40-Mile Air,Q5,MLA,United States
748 Air Services,FE,IHO,
9 Air,AQ,JYH,
Abakan Air,S5,NKP,
ABS Jets,,ABP,Czechia
Abu Dhabi Aviation,,BAR,Canada
ABX Air,GB,ABX,United States
ABX Air,GB,ABX,United States
Acass Ireland,,SON,United States
Advanced Air,AN,WSN,
Aegean Airlines,A3,AEE,Greece
Aer Lingus,EI,EIN,Ireland
Aer Lingus UK,EG,EUK,United Kingdom
AerCaribe,JK,ACL,Italy
Aero,N2,NIG,Nigeria
Aero Charter,,GLT,United States
Aero Charter and Transport,,CTA,United States
Aero Guernsey,,AEO,Mexico
Aero K,RF,EOK,
Aero Mongolia,M0,MNG,Mongolia
Aero Nomad Airlines,,ANK,Japan
Aero Regional,,RER,Ecuador
Aero-Beta Flight Training,,ABA,Ukraine
Aero-Dienst,,ADN,Germany
Aero-Service,,RSR,Democratic Republic Of The Congo
Aerodynamics,4A,DYN,United States
Aeroflot,SU,AFL,Russia
Aerolineas Argentinas,AR,ARG,Argentina
Aerolineas Sosa,P4,NSO,Honduras
Aerolink Uganda,A8,XAU,United States
AeroLogic,3S,BOX,United Kingdom
Aeromar,VW,TAO,Mexico
Aeromexico,AM,AMX,Mexico
Aeromexico Connect,5D,SLI,Mexico
Aeronaves TSM,,VTM,Mexico
Aeronova,X5,OVA,Spain
Aeropartner,,DFC,
Aeroservicios de la Costa,,TAA,Mexico
Aerostan,,BSC,Kyrgyzstan
Aerosul Linhas Aereas,,ASO,Slovakia
Aerotec,,AEP,Spain
Aerotours,,ATU,Hungary
Aerotranscargo,F5,ATG,Kazakhstan
AeroUnion,6R,TNO,Mexico
Aerovias DAP,V5,DAP,Chile
Aerovis Airlines,,VIZ,Ukraine
Aerro Direkt,4D,DIR,Indonesia
AF-Aviation,,AFF,
Afric Aviation,L8,EKG,
Africa World Airlines,AW,AFW,Cote D'ivoire (Ivory Coast)
African Express Airways,XU,AXK,Kenya
Afrijet,J7,ABS,Canada
Afriqiyah Airways,8U,AAW,Libya
Air 1st Aviation,,RUF,
Air Albania,ZB,ABN,Senegal
Air Algerie,AH,DAH,Algeria
Air Alliance,,AYY,
Air Alsie,6I,MMD,Denmark
Air Antilles,3S,GUY,French Guiana
Air Arabia,G9,ABY,United Arab Emirates
Air Arabia Abu Dhabi,3L,ADY,United States
Air Arabia Egypt,E5,RBG,Egypt
Air Arabia Maroc,3O,MAC,Malta
Air Astana,KC,KZR,Kazakhstan
Air Atlanta Europe,,AAE,
Air Atlanta Icelandic,CC,ABD,Iceland
Air Austral,UU,REU,France
Air Bagan,W9,JAB,Myanmar (Burma)
Air Baltic,BT,BTI,Latvia
Air Belgium,KF,ABB,Democratic Republic Of The Congo
Air Bohemia,,BOH,
Air Botswana,BP,BOT,Botswana
Air Bucharest,,BUR,Romania
Air Burkina,2J,VBW,Burkina Faso
Air Busan,BX,ABL,Canada
Air Busan,BX,ABL,South Korea
Air Cairo,SM,MSC,Egypt
Air Caledonie,TY,TPC,France
Air Canada,AC,ACA,Canada
Air Canada Rouge,RV,ROU,Chile
Air Caraibes,TX,FWI,France
Air Care Alliance,,CMF,United States
Air Cargo Carriers,2Q,SNC,United States
Air Cargo Global,CW,CCC,Colombia
Air Century,Y2,CEY,Dominican Republic
Air Changan,9H,CGN,China
Air Charity Network,,NGF,United States
Air Charter Scotland,,EDC,United Kingdom
Air Charter Scotland Europe,,SCO,Sweden
Air Charter Scotland Europe,,SCO,Singapore
Air Chathams,3C,CVA,New Zealand
Air China,CA,CCA,China
Air China Cargo,,CAO,China
Air China Inner Mongolia,,CNM,
Air Choice One,3E,ACO,Mexico
Air CM Global,,RJR,
Air Corsica,XK,CCM,France
Air Costa Rica,RI,RII,
Air Cote d'Ivoire,HF,VRE,Ukraine
Air Creebec,YN,CRQ,Canada
Air Deccan,,DKN,India
Air Do,HD,ADO,Japan
Air Dolomiti,EN,DLA,Italy
Air Europa,UX,AEA,Spain
Air Excel,,XLL,Tanzania
Air Falcon,FS,FPK,
Air Flamenco,F4,WAF,United States
Air France,AF,AFR,France
Air France Hop,A5,HOP,
Air Ghana,,GHN,Ghana
Air Greenland,GL,GRL,Denmark
Air Guilin,GT,CGH,China
Air Hamburg,,AHO,Germany
Air Hong Kong,LD,AHK,Hong Kong
Air Horizont,HT,HAT,France
Air Incheon,KJ,AIH,Chile
Air India,AI,AIC,India
Air India Express,IX,AXB,India
Air Inuit,3H,AIE,Canada
Air Japan,NQ,AJX,Japan
Air KBZ,K7,KBZ,Myanmar (Burma)
Air Kiribati,IK,AKL,Kiribati
Air Koryo,JS,KOR,North Korea
Air Leisure,AL,ALD,United Kingdom
Air Liaison,DU,LSJ,
Air Libya,7I,TLR,Libya
Air Loyaute,,RLY,
Air Macau,NX,AMU,Macao
Air Madagascar,MD,MDG,Madagascar
Air Malta,KM,AMC,Malta
Air Manas,ZM,MBB,Kyrgyzstan
Air Mauritius,MK,MAU,Mauritius
Air Mediterranean,MV,MAR,United Kingdom
Air Moldova,9U,MLD,Moldova
Air Montenegro,,MNE,Mexico
Air Namibia,SW,NMB,Namibia
Air New Zealand,NZ,ANZ,New Zealand
Air Niugini,PX,ANG,Papua New Guinea
Air North,4N,ANT,Canada
Air Nostrum,YW,ANE,Spain
Air Nunavut,,BFF,Canada
Air Ocean Airlines,,AOA,Ukraine
Air Panama,7P,PST,Panama
Air Peace,P4,APK,
Air Premia,YP,APZ,
Air Rarotonga,GZ,RAR,Cook Islands
Air Saint-Pierre,PJ,SPM,France
Air Senegal,HC,SZN,
Air Seoul,RS,ASV,Guinea-Bissau
Air Seychelles,HM,SEY,Seychelles
Air Sinai,4D,ASD,Egypt
Air Spray,,ASB,Canada
Air Sunshine,,RSI,United States
Air Tahiti,VT,VTA,French Polynesia
Air Tahiti Nui,TN,THT,France
Air Tanzania,TC,ATC,Tanzania
Air Taxi & Charter International,,IBJ,
Air Thanlwin,ST,AYG,
Air Tindi,8T,TIN,Dominican Republic
Air Transat,TS,TSC,Canada
Air Transport Europe,,EAT,Slovakia
Air Transport International,8C,ATN,United States
Air Travel,A6,OTC,
Air Urga,3N,URG,Ukraine
Air Vanuatu,NF,AVN,Vanuatu
Air Volta,,VLB,
Air Wisconsin,ZW,AWI,United States
Air X Charter,,AXY,France
Air Zimbabwe,UM,AZW,Zimbabwe
Air-Taxi Europe,,TWG,
AirACT,9T,RUN,Turkey
AirAsia,AK,AXM,Malaysia
AirAsia India,I5,IAD,Italy
AirAsia X,D7,XAX,Malaysia
Airbahn,UN,ARB,Aruba
AirBlue,PA,ABQ,Pakistan
AirBridgeCargo Airlines,RU,ABW,Russia
Airbus,,AIB,France
Airbus Transport International,4Y,BGA,France
Aircalin,SB,ACI,France
Aircompany Armenia,RM,NGT,
Aireon Canada,,AEN,Mexico
Airest,,AEG,Chile
AirExplore,ED,AXE,Slovakia
Airfast Indonesia,,AFE,Indonesia
AirGO Private Airline,,XGO,
Airhub Airlines,,GJM,
Airkenya Express,P2,XAK,Kenya
Airlec Air Espace,,ARL,France
Airlift International,,AIR,United States
Airlink,,JAR,Austria
Airlink,4Z,LNK,South Africa
AirNet,,USC,United States
Airnorth,TL,ANO,Australia
Airpac Airlines,,APC,United States
AirPink,,PNK,
AirSERBIA,JU,ASL,United States
AirSERBIA,JU,ASL,Serbia
AirSF Flight Services,,XSN,Canada
AirShare,,XSR,United States
AirSial,PF,SIF,
AirSmart,,XSM,
Airsprint,,ASP,Canada
AirSWIFT,T6,ATX,United Kingdom
AirTanker,9L,TOW,United States
Airwing,,NWG,Norway
Airwork,,AWK,New Zealand
AIS Airlines,,PNX,United States
Ajwaa Airlines,,AJY,Cyprus
Al-Naser Wings,NG,NAD,Indonesia
Alante Air Charter,,SVL,Ukraine
Alaska Airlines,AS,ASA,United States
Alaska Central Express,KO,AER,United States
AlbaStar,AP,LAV,Spain
Albatros Airlines,G0,GAL,Kyrgyzstan
Albawings,2B,AWT,Canada
Albinati Aeronautics,,LUC,Switzerland
Albinati Aeronautics,,ULC,
Alexandria Airlines,DQ,KHH,Egypt
Algonquin Airlink,,FSY,
Alidaunia,D4,LID,Italy
AlisCargo Airlines,CP,LSI,
Aliserio,,TJD,
ALK Airlines,,VBB,
Alkan Air,,ALN,United States
Alkan Air,,AKN,Canada
All Nippon Airways,NH,ANA,Japan
Allegiant Air,G4,AAY,United States
Alliance Air,9I,LLR,India
Alliance Airlines,QQ,UTY,Australia
Allied Air,4W,AJK,Nigeria
AlMasria Universal Airlines,UJ,LMU,Egypt
Aloha Air Cargo,KH,AAH,United States
Alphaland Aviation,,BIC,
Alpine Air Express,5A,AIP,United States
Alpine Flightservice,,FSE,
Alrosa,6R,DRU,Russia
ALS,,ALW,Dominican Republic
Altagna,,AGH,France
Amakusa Airlines,MZ,AHX,
Amapola Flyg,HP,APF,Sweden
Amaszonas,Z8,AZN,Bolivia
AMC Airlines,,AMV,Egypt
AMC Aviation,,AMQ,United Kingdom
Amelia,8R,AIA,Estonia
Amelia International,NL,AEH,Hungary
American Air Charter,,GTW,
American Airlines,AA,AAL,United States
Ameriflight,A8,AMF,United States
Amerijet International,M6,AJT,United States
Ameristar,7Z,AJI,United States
AMREF Flying Doctors,,FDS,Kenya
AMS Airlines,,GEO,
ANA Wings,EH,AKX,Japan
Anda Air,DM,SSV,Canada
Andes Lineas Aereas,,ANS,Argentina
Angara Airlines,2G,AGU,Russia
Anguilla Air Services,Q3,AXL,Netherlands
Animawings,A2,AWG,
Antonov Airlines,,ADB,Ukraine
APG Airlines,GP,RIV,
Arajet,DM,DWI,
Arcus Air,,AZE,Germany
Ariana Afghan Airlines,FG,AFG,Afghanistan
Arik Air,W3,ARA,Nigeria
Arkia Israeli Airlines,IZ,AIZ,Israel
Armenia Airways,6A,AMW,United States
Aruba Airlines,AG,ARU,Aruba
ASAS Linhas Aereas,,CEU,
ASG Business Aviation,,ESW,
Asia Pacific Airlines,P9,MGE,United States
Asia Sky Lines,,LIC,
Asiana Airlines,OZ,AAR,South Korea
Asky Airlines,KP,SKK,Canada
ASL Airlines,,ABR,Ireland
ASL Airlines Belgium,3V,TAY,Belgium
ASL Airlines France,5O,FPO,France
ASL Airlines Hungary,,FAH,Hungary
ASL Airlines UK,,ABV,Ghana
Asta Linhas Aereas,0A,SUL,
Astonjet,,ASJ,Canada
Astral Aviation,8V,ACP,Kenya
ATA Airlines,I3,TBZ,Brazil
ATI Jet,,CYO,United States
Atlantic Airways,RC,FLI,Faroe Islands
Atlas Air,5Y,GTI,United States
Atlas Air Service,,ATL,Mexico
Atran,V8,VAS,Russia
Aura Airlines,U5,GWR,
Auric Air,UI,AUK,United Kingdom
Aurigny Air Services,GR,AUR,United Kingdom
Aurora,HZ,SHU,Russia
Austrian Airlines,OS,AUA,Austria
Avanti Air,,ATV,Germany
Avcenter,,TTE,United States
Avcon Jet,,AOJ,
Avcon Jet Malta,,VCJ,
Avcon Jet San Marino,,VAJ,
Avelo Airlines,XP,VXP,Mali
Avia Traffic,YK,AVJ,Kyrgyzstan
Aviacon Zitotrans,ZR,AZS,Russia
Avianca,AV,AVA,Colombia
Avianca Cargo,QT,TPA,Colombia
Avianca Central America,TA,TAI,
Avianca Costa Rica,LR,LRC,Costa Rica
Avianca Ecuador,2K,GLG,Ecuador
Avianca Express,EX,AVR,United States
Avianca Guatemala,GU,GUG,Guatemala
Aviastar,,VIT,
Aviastar-TU,4B,TUP,Russia
Aviation Advisor,,LKF,
Aviation Horizons,,HZS,
Avion Express,X9,NVD,Lithuania
Avion Express Malta,,MLH,United States
Avionord,,VND,
Avior Airlines,9V,ROI,Venezuela
Aviostart,,VSR,Bulgaria
Azerbaijan Airlines,J2,AHY,Azerbaijan
Azimuth,A4,AZO,
Azman Air,ZQ,AZM,Mexico
Azores Airlines,S4,RZO,Portugal
Aztec Airways,AJ,AZY,United States
Azul Conecta,2F,ACN,Nicaragua
Azul Linhas Aereas,AD,AZU,Brazil
Azur Air,ZF,AZV,Ukraine
Azur Air Ukraine,QU,UTN,Mongolia
BA CityFlyer,CJ,CFE,United Kingdom
Babcock MCS Espana,UV,INR,
Babcock MCS France,,PTH,France
Babcock MCS Italia,,ELH,Italy
Babcock MCS Offshore,,BND,United Kingdom
Babcock MCS Onshore,,RHD,United Kingdom
Babcock Scandinavian AirAmbulance,,DFL,
Baden Aircraft Operations,,BAO,
Badr Airlines,J4,BDR,Sudan
BAe Systems,,BAE,United Kingdom
BAe Systems Marine,,VSB,United Kingdom
Bahamasair,UP,BHS,Bahamas
Bakhtar Afghan Airlines,BM,BFO,Canada
Bamboo Airways,QH,BAV,Bangladesh
Bangkok Airways,PG,BKP,Thailand
BankAir,,BKA,United States
Bar XH Air,,BXH,Canada
Baron Aviation Services,,BVN,United States
Bassaka Air,5B,BSX,Cambodia
Batik Air,ID,BTK,Ukraine
Bearskin Airlines,JV,BLS,Canada
Bees Airline,7B,UBE,
Beijing Airlines,,BJN,
Bel Air Aviation,,BBX,
Belavia,B2,BRU,Belarus
Bemidji Airlines,CH,BMJ,United States
Bering Air,8E,BRG,United States
Berjaya Air,J8,BVT,Malaysia
Berniq Airways,NB,BNL,Ethiopia
Berry Aviation,,BYA,United States
Bestfly Aruba,,BFY,
Bestfly Cabo Verde,3B,BCV,Ukraine
BH Air,8H,BGH,Bulgaria
Bhutan Airlines,B3,BTN,
Bighorn Airways,,BHR,United States
Biman Bangladesh Airlines,BG,BBC,Bangladesh
BinAir,,BID,Germany
Binter Canarias,NT,IBB,Spain
Bioflight,,BIO,
Bismillah Airlines,BH,BML,Bangladesh
Blue Air,0B,BLA,United Kingdom
Blue Bird Aviation,,BLB,Sudan
Blue Dart Aviation,BZ,BDA,India
Blue Islands,SI,BCI,United Kingdom
Blue Square Aviation,,BSG,
Bluebird Airways,BZ,BBG,Greece
Bluebird Aviation,,BBZ,Kenya
Bluebird Nordic,BO,BBD,Iceland
Boeing,,BOE,United States
Boliviana de Aviacion,OB,BOV,Bolivia
Bookajet,,BOO,United Kingdom
Boutique Air,4B,BTQ,United States
BRA,TF,BRX,United States
Bravo Airways,,BAY,Cambodia
Breeze Airways,MX,MXY,
Bristow Helicopters,,BHL,United Kingdom
Bristow Nigeria,,BHN,Nigeria
Bristow Norway,,NOR,Norway
Bristow US,L9,BTZ,
British Airways,BA,BAW,United Kingdom
British Airways Shuttle,,SHT,United Kingdom
Bromma Air Maintenance,,CFL,Sweden
Brussels Airlines,SN,BEL,
Budapest Aircraft Service,RP,BPS,Hungary
Buddha Air,U4,BHA,Nepal
Budget Lines,BD,BGN,
Buffalo Airways,,BFL,Canada
Bul Air,LB,BVL,
Bulgaria - Government,,BGF,Bulgaria
Bulgaria Air,FB,LZB,Bulgaria
Buraq Air,UZ,BRQ,Libya
Business Wings,,JMP,
Buzz,RR,RYS,Thailand
BySky,,BYS,
C&M Airways,,RWG,United States
Cabo Verde Airlines,VR,TCV,Portugal
Caicos Express Airways,9Q,CXE,
CAL Cargo Airlines,5C,ICL,Israel
Calafia Airlines,A7,CFV,Mexico
Calm Air,MO,CAV,Canada
Calstar,,CMD,
Camair-Co,QC,CRC,Canada
Cambodia Airways,KR,KME,
Cambodia Angkor Air,K6,KHV,
Cambodia Bayon Airlines,BD,BYC,China
Cameroon Airlines,UY,UYC,Cameroon
Canada - Department of Transport,,TGO,Canada
Canadian Airways Congo,,TWC,
Canadian North,5T,AKT,Russia
Canarias Airlines,,RSC,Mexico
CanaryFly,PM,CNF,Spain
Canavia,,CNA,Serbia
Canjet Airlines,C6,CJA,Canada
Canlink Aviation,,MFC,Canada
CanWest Air,,CWA,Canada
Cape Air,9K,KAP,United States
Capital Air Ambulance,,EGL,United Kingdom
Capital Airlines,JD,CBJ,
Capital City Air Carriers,,CCQ,United States
Cardiff Aviation Malta,,SGO,
Cardig Air,8F,CAD,Canada
Cargo Air,,CGF,
Cargo Three,C3,CTW,Panama
Cargojet Airways,W8,CJT,Canada
CargoLogic Germany,6L,GCL,
CargoLogicAir,P3,CLU,Germany
Cargolux,CV,CLX,Luxembourg
Cargolux Italia,C8,ICV,
Caribbean Airlines,BW,BWA,Trinidad And Tobago
Carpatair,V3,KRP,Romania
Carson Air,,CRN,Cuba
Caspian Airlines,IV,CPN,Iran
Castle Aviation,,CSJ,United States
CAT Aviation,,CAZ,Switzerland
Cathay Pacific,CX,CPA,Hong Kong
Catreus,,VCG,
Cavok Air,,CVK,
Cayman Airways,KX,CAY,Cayman Islands
Cebgo,DG,SRQ,Philippines
Cebu Pacific,5J,CEB,Philippines
Ceiba Intercontinental,C2,CEL,Equatorial Guinea
CemAir,5Z,KEM,
Central Air Southwest,,CTL,United States
Central Airlines,I9,HLF,Germany
Central Mountain Air,9M,GLR,Canada
Centreline,,CLF,United Kingdom
Chabahar Airlines,,IRU,Iran
Chair Airlines,GM,GSW,Greece
Chalair Aviation,CE,CLG,France
Challenge Airlines,X7,CHG,Ukraine
Cham Wings Airlines,6Q,SAW,Syria
Charter Jets,,LTC,Latvia
Chartright Air,,HRT,Canada
CHC Helicopter,,HMB,
CHC Helicopters Netherlands,,HNL,
CHC Helicopters Nigeria,,ATQ,Netherlands
CHC Helikopter Service,,HKS,Norway
CHC International,,GCY,
Chengdu Airlines,EU,UEA,China
Chervon Corporation,,GLH,
Chicago Jet Group,,WDY,United States
Chicago Jet Group,,WDY,United States
China Airlines,CI,CAL,Taiwan
China Cargo Airlines,CK,CKK,China
China Central Longhao Airlines,GI,LHA,
China Eastern Airlines,MU,CES,China
China Express Airlines,G5,HXA,China
China Postal Airlines,CF,CYZ,China
China Southern Airlines,CZ,CSN,China
China United Airlines,KN,CUA,China
Chongqing Airlines,OQ,CQN,China
Chrono Aviation,,NDL,
Cinnamon Air,C7,CIN,
CITIC Offshore Helicopter,,CHC,China
Citilink,QG,CTV,Spain
Cityjet,WX,BCY,Ireland
Civil Air Patrol,,CAP,Canada
Class Aviation,,DUC,
Clipper Jet,,ORO,Spain
CM Airlines,CC,OMT,
Coastal Aviation,CQ,CSV,Tanzania
Cobalt Air,CO,FCB,Cyprus
Cobham Aviation,NC,JTE,Australia
Cobham Aviation Services Australia,,NJS,Australia
Cobham Flight Inspection,,CLB,United Kingdom
Colorful GuiZhou Airlines,GY,CGZ,
Comair,MN,CAW,South Africa
Comlux Aruba,CS,CXB,
Comlux Aviation,,CLA,Switzerland
Comlux Aviation Malta,,MLM,
CommutAir,C5,UCA,United States
Compagnia Aeronautica Italiana,,CPI,Italy
Compass Cargo Airlines,,ADZ,
Conair,,FGD,
Condor,DE,CFG,Germany
Congo Airways,8Z,CGA,United States
Connect Airlines,MW,WZM,
Connect Linhas Aereas,6C,CNT,France
Conquest Air,C4,QAI,
Contour Aviation,LF,VTE,United States
Conviasa,V0,VCV,Venezuela
Copa Airlines,CM,CMP,Panama
Copenhagen Airtaxi,,CAT,Taiwan
Copenhagen Airtaxi,,CAT,Denmark
Corendon Airlines,XC,CAI,Turkey
Corendon Airlines Europe,XR,CXI,China
Corendon Dutch Airlines,CD,CND,Dominican Republic
Corporate Air,,CPT,United States
Corporate Air,,MLN,Canada
Corsair,SS,CRL,France
Costa Rica Green Airways,GW,GRA,United States
Cristalux,Z7,AUZ,Australia
Croatia Airlines,OU,CTN,Croatia
Cronos Airlines,C8,CRA,Colombia
Cronos Airlines Benin,,CKL,United States
CSA Air,,IRO,United States
CSI Aviation,,CSI,United States
Cubana,CU,CUB,Cuba
Cygnus Air,,RGN,Spain
Cyprus Airways,CY,CYP,Cyprus
Czech Airlines,OK,CSA,Czechia
Daallo Airlines,D3,DAO,Djibouti
Dalian Airlines,,CCD,
Dana Air,9J,DAN,United Kingdom
Dassault Falcon Service,,DSO,France
DAT,DX,DTR,Denmark
DAT LT,R6,DNU,Lithuania
DC Aviation,,DCS,Germany
DEA Aviation,,WKT,
Deer Jet,,DER,China
Deer Jet Beijing,,BDJ,
Delta Air Lines,DL,DAL,United States
Delta Private Jets,,DPJ,
Dena Airways,D9,DAI,
Denim Air,G6,DNM,Netherlands
Deraya,,DRY,Indonesia
Desert Jet,,DJR,
DHL,D0,DHK,United Kingdom
DHL Aero Expreso,D5,DAE,Panama
DHL Air Austria,Q7,DHA,Democratic Republic Of The Congo
DHL Aviation EEMEA,ES,DHX,Bahrain
Diamond Sky,,DMS,
Directflight,,DCT,United Kingdom
Divi Divi Air,3R,DVR,
Dniproavia,,UDN,Ukraine
Donghai Airlines,DZ,EPA,China
Dornier Aviation Nigeria Aiep,DO,DAV,Nigeria
Douniah Airlines,DH,DTS,
Dreamline Aviation,,DLX,
Druk Air,KB,DRK,Bhutan
Dubai Air Wing,,DUB,United Arab Emirates
E-Aviation,,EFD,Germany
E-Cargo Airlines,RF,ERF,Portugal
EADS CASA,,AED,Russia
Eagle Air,,EGU,Uganda
Eagle Air Iceland,,FEI,Iceland
Eagle Airways,,EAG,United Kingdom
Eagle Atlantic Airlines,,EAB,Switzerland
Eagle Creek Aviation,,EGC,
EagleMed,,EMD,United States
East Coast Jets,,ECJ,United States
East-West Express,,EWU,
Eastar Jet,ZE,ESR,South Korea
Eastern Airlines,2D,EAL,Germany
Eastern Airways,T3,EZE,United Kingdom
Eastern Australia Airlines,,EAQ,Australia
EasyFly,VE,EFY,Colombia
easyJet,U2,EZY,United Kingdom
easyJet Europe,EC,EJU,
easyJet Switzerland,DS,EZS,
EATIS,,SRK,Switzerland
Eclair Aviation,,ECC,Switzerland
ECO Airlines,,EKO,
EcoJet,8J,ECO,
Edelweiss Air,WK,EDW,Switzerland
EGO Airways,E3,EGW,
EGT Jet,,EGT,
EgyptAir,MS,MSR,Egypt
EgyptAir Cargo,,MSX,Egypt
El Al,LY,ELY,Israel
Elitavia,,EAV,United States
Elitavia Malta,,EAU,
Elite Air,,ELZ,
Elite Airways,7Q,MNU,
Ellinair,EL,ELB,Italy
Embraer,,EMB,Brazil
Emerald Airlines,,EAI,Togo
Emetebe.com.ec,,EMT,Ecuador
Emirates,EK,UAE,United Arab Emirates
Emperor Aviation,,EMM,
Empire Airlines,EM,CFS,United States
Empire Aviation,,MJE,
ENAC Ecole Aviation Civile,,NAK,Niger
Encore Air Cargo,,DKT,United States
Endeavor Air,9E,EDV,
Enter Air,E4,ENT,United Kingdom
Envoy Air,MQ,ENY,United States
Epsilon Aviation,,GRV,Greece
equair,,EQX,
Eritrean Airlines,B8,ERT,Eritrea
Estafeta,E7,ESF,Mexico
Estelar,ES,ETR,
ETF Airways,LI,EZZ,
Ethiopian Airlines,ET,ETH,Ethiopia
Etihad Airways,EY,ETD,United Arab Emirates
Euro Link,,EUL,
Euro-Asia Air,5B,EAK,Kazakhstan
EuroAtlantic Airways,YU,MMZ,Portugal
Eurocopter Deutschland,,RDF,
European Air Charter,H6,BUC,Bulgaria
European Air Transport,QY,BCS,Belgium
European Cargo,,URO,
European Flight Academy,,PTO,Canada
European Flight Service,,EUW,
European Flyers,,FYS,United States
European SAO,,EKT,
Eurowings,EW,EWG,Germany
Eurowings Discover,4Y,OCN,France
Eurowings Europe,E2,EWE,
EVA Air,BR,EVA,Taiwan
Everts Air Alaska,5V,VTS,United States
EWA Air,ZD,EWR,
Excellent Air,,ECA,Cyprus
Execuflight,,EFT,United States
Execujet Middle East,,EJO,United Arab Emirates
Execujet Scandinavia,,VMP,Denmark
Executive Jet Charter,,EXJ,United Kingdom
Executive Jet Management,,EJM,United States
Executive Jet Management,,JME,
Exploits Valley Air Services,8K,EVS,
Express Air Cargo,7A,XRC,
Express Freighters Australia,QE,EFA,Taiwan
ExpressJet,EV,ASQ,United States
ExpressJet Airlines,XE,BTA,United States
Exxaero,,XRO,
EZ Air,7Z,EZR,
Eznis Airways,MG,EZA,Mongolia
FAI rent-a-jet,,IFA,Germany
Far Eastern Air Transport,FE,FEA,
Fast Air,,PBR,
Fastjet,FN,FTZ,
Fastjet Zimbabwe,FN,FJW,
FedEx,FX,FDX,United States
Fenix Air Charter,,FNX,France
Feuerwehr-Flugdienst Niedersachsen,,FFD,Germany
Fiji Airways,FJ,FJI,Fiji
Fiji Link,,FJA,
Finnair,AY,FIN,Finland
Firefly,FY,FFM,Malaysia
First Air,7F,FAB,Canada
First Nation Airways,,FRN,Netherlands
FitsAir,8D,EXV,Sri Lanka
Flair Airlines,F8,FLE,Canada
Fleet Air International,,FRF,France
Flexflight,W2,FXT,Denmark
Flexjet,,LXJ,United States
Flexjet Europe,,FLJ,
Flexjet Operations Malta,,FJO,
Flight Calibration Services,,FCK,Germany
Flight Calibration Services,,VOR,
Flight options,,OPT,United States
Flight Training Europe,,AYR,Spain
FlightExec,,FEX,Canada
Flightline,,FTL,
Fltplan,,DCM,United States
Flugfelag Islands,NY,FXI,Iceland
Fly 7,,FSF,
Fly Africa Zimbabwe,ZC,FZW,Zimbabwe
Fly Air41,,BER,Germany
Fly AllWays,8W,EDR,Colombia
Fly Angola,EQ,FLA,United States
Fly Armenia Airways,VF,FBB,
Fly Art,T2,FLB,Germany
Fly Baghdad,IF,FBA,Kyrgyzstan
Fly Gangwon,4V,FGW,
Fly Jamaica,OJ,FJM,Jamaica
Fly Jordan,F0,FJR,
Fly One,5F,FIA,Antigua And Barbuda
Fly SAX,,EXZ,Kenya
Fly Sky Airlines,,FSQ,
Fly Sky Airlines,,FSU,Sweden
Fly Tyrol,,FTY,Austria
Fly2Sky,,VAW,
Fly540,5H,FFV,Kenya
Flyadeal,F3,FAD,Canada
FlyBig,S9,FLG,United States
Flybondi,FO,FBZ,
FlyBosnia,6W,FBS,
FlyDamas,4J,FDK,
FlyDubai,FZ,FDB,United Arab Emirates
FlyEgypt,FT,FEG,Egypt
FlyGTA Airlines,SX,TOR,Canada
Flying Business Aviation,,FBX,
Flying Service,,FYG,Belgium
FlyMe,VP,VQI,Maldives
FlyMontserrat,5M,MNT,Montserrat
Flynas,XY,KNE,Saudi Arabia
FlyPelican,FP,FRE,United States
Flyr,FS,FOX,Brazil
FlySafair,FA,SFR,South Africa
FlySchool,,FSM,
FR Aviation,,FRA,United Kingdom
Freebird Airlines,FH,FHY,Turkey
Freebird Airlines Europe,,FHM,
Freight Runners Express,,FRG,United States
French Bee,BF,FBU,
Frontier Airlines,F9,FFT,United States
Fuji Dream Airlines,JH,FDA,Mali
Fuzhou Airlines,FU,FZA,China
Galistair,GH,GTR,Chile
Gama Aviation (UK),,GMA,United Kingdom
Gama Aviation (US),,GAJ,
Garuda Indonesia,GA,GIA,Indonesia
Gazpromavia,4G,GZP,Russia
GCA Airlines,9A,GCA,Lithuania
General Atomic AeroTech Systems,,DOR,Germany
Genex,,GNX,Belarus
Genghis Khan Airlines,9D,NMG,
Geo Sky Airline,,GEL,
Georgian Airways,A9,TGZ,Georgia
German Airways,ZQ,GER,Germany
Gesellschaft Fur Flugzieldarstellung,,GFD,Germany
Gestair,,GES,Spain
GetJet Airlines,GW,GJT,Spain
Getjet Airlines Latvia,,DML,Mexico
Global Air Charters,,GJE,
Global Crossing Airlines,G6,GXA,Moldova
Global Jet Luxembourg,,SVW,Luxembourg
Global Supply Systems,,GSS,United Kingdom
GlobeAir,,GAC,
Globus,GH,GLP,Russia
Go First,G8,GOW,India
GoJet ,G7,GJS,United States
GOL Linhas Aereas,G3,GLO,Brazil
Goldeck Flug,,GDK,Austria
Golden Myanmar Airlines,Y5,GMR,Myanmar (Burma)
Gouvernement du Quebec,,QUE,Canada
Grafair,,GFM,
Grand Canyon Airlines,YR,CVU,United States
Grand China Air,CN,GDC,China
Grant Aviation,GV,GUN,United States
Greater Bay Airlines,HB,HGB,
Green Africa Airways,Q9,GWG,
Greybird Aviation,,GAG,Comoros
GTA Air,,GTX,United States
Gulf Air,GF,GFA,Oman
Gulf and Caribbean Cargo,IF,TSU,United States
Gulf Wings,,GWC,
GullivAir,G2,GBG,
Guna Airlines,,GUA,Mexico
GX Airlines,GX,CBG,China
Hahn Air,HR,HHN,Germany
Hai Au Aviation,,HAI,Canada
Hainan Airlines,HU,CHH,China
Hangar 8,,HGR,United Kingdom
Hans Airways,,GKS,
Harmony Jets,,HMJ,
Hawaiian Airlines,HA,HAL,United States
Hebei Airlines,NS,HBH,China
Heli Air Monaco,YO,MCM,Monaco
Heli Air Services,,HLR,Bulgaria
Heli Holland,,HHE,Netherlands
Heli Securite,HS,HLI,France
Heli Service International,,HSO,Spain
Helijet International,,JBA,Canada
Helistar,,HSR,United States
HELITY Copter Airlines,,HTY,
Helvetic Airways,2L,OAW,Switzerland
Hera Flight,,HER,France
Hermes Airlines,H3,HRM,Greece
Heron Aviation,,HRN,
Heston Airlines,HN,HST,Greece
Hi Air,4H,HGG,
Hi Fly,5K,HFY,Portugal
Hi Fly Malta,5M,HFM,
Hibernian Airlines,HG,HBN,
Himalaya Airlines,H9,HIM,
Hinterland Aviation,OI,HND,
HiSky,H7,HYM,Nepal
HiSky Europe,H4,HYS,
Hokkaido Air System,,NTH,Japan
Holiday Europe,5Q,HES,
Hong Kong Air Cargo,RH,HKC,
Hong Kong Airlines,HX,CRK,Hong Kong
Hong Kong Express,UO,HKE,Hong Kong
Hop-A-Jet,,HPJ,United States
Horizon Air,QX,QXE,United States
HTM Helicopter Travel Munich,,HTM,
Hummingbird Aviation,,ETI,
Hunnu Air,MR,MML,
Hydro Quebec,0Q,HYD,Canada
Hyperion Aviation,,HYP,
I-Fly,F7,RSY,Russia
iAero Airways,WQ,SWQ,United States
IBC Airways,II,CSQ,United States
Iberia,IB,IBE,Spain
Iberia Express,I2,IBS,Spain
Iberojet,E9,EVE,Germany
Ibex Airlines,FW,IBX,Japan
Ibom Air,QI,IAN,
Icaro,X8,ICD,Ecuador
Icelandair,FI,ICE,Iceland
ICS-Aero,,ICF,
IFL Group,,IFL,United States
ImperialJet,,JTI,Lebanon
IndiGo,6E,IGO,India
Indonesia AirAsia,QZ,AWQ,Indonesia
iNTAIRLINE,,ITI,
Intel Air Shuttle,,HGT,
InterCaribbean Airways,JY,IWY,Turks And Caicos Islands
InterJet West,K8,IJW,
International Committee of the Red Cross,,RED,Switzerland
International Jet Management,,IJM,Austria
InterSky,3L,ISK,Austria
IrAero,IO,IAE,Russia
Iran Air,IR,IRA,Iran
Iran Airtour,B9,IRB,Iran
Iran Aseman Airlines,EP,IRC,Iran
Iraqi Airways,IA,IAW,Iraq
IRS Airlines,,LVB,Nigeria
Israir Airlines,6H,ISR,Israel
Italfly,,ITL,
Italia Trasporto Aereo,AZ,ITY,
Itapemirim Transportes Aereos,8I,IPM,United Kingdom
iXAir,,IXR,France
Izair,4I,IZM,Turkey
Izhavia,I8,IZA,Russia
J-Air,JL,JLJ,Japan
JA Air Charter,,LTD,United States
JAL Express,JC,JEX,Japan
Jambojet,JM,JMA,
Japan Air Commuter,3X,JAC,Japan
Japan Airlines,JL,JAL,Japan
Japan Airlines,JL,JAL,Japan
Japan Transocean Air,NU,JTA,Japan
Jasmin Airways,JO,JAW,Libya
Jazeera Airways,J9,JZR,Kuwait
Jazz Aviation,QK,JZA,Canada
JC Airlines,QD,JCC,Australia
JC Bamford Excavators,,JCB,United Kingdom
Jeju Air,7C,JJA,South Korea
Jet Airways,9W,JAI,India
Jet Asia Airways,JF,JAA,Japan
Jet Aviation Business Jets,,PJS,Switzerland
Jet Aviation Flight Services,,JAS,Japan
Jet Aviation Zurich Airport,,VCN,Switzerland
Jet Charter,N2,JCT,United States
Jet Edge,,EDG,
Jet Executive,,JEI,Germany
Jet Express,,RFE,
Jet Fly Airline,,JFL,Austria
Jet It,,JIT,
Jet Linx Aviation,,JTL,Canada
Jet Logistics,,JLG,
Jet Story,,JDI,Poland
Jet Test International,,JTN,United States
Jet2,LS,EXS,United Kingdom
Jetair Caribbean,4J,JRC,
Jetalliance East,,PLS,
Jetbee Czech,,JBC,
JetBlue Airways,B6,JBU,United States
Jetcall,,JCL,
Jetclub,0J,JCS,Switzerland
Jetconnect,,QNZ,New Zealand
JetFlite,,JEF,Finland
Jetfly Aviation,,JFA,
Jetkontor,,JKH,
JetLite,S2,JLL,
JetNetherlands,,JNL,
JetRight,,JRT,
JetSMART,JA,JAT,Serbia
JetSMART Argentina,WJ,JES,Mexico
Jetstar Airways,JQ,JST,Australia
Jetstar Asia,3K,JSA,Singapore
Jetstar Japan,GK,JJP,Japan
JetStream,,JSH,Hungary
Jetsuite Air,,RSP,United States
Jettime,,JTD,
Jetways Airlines,WU,JWX,
Jiangsu Jingdong Cargo Airlines,,JDL,
Jiangxi Air,RY,CJX,
Jin Air,LJ,JNA,South Korea
Jinxiang Airlines,,JXX,Iceland
Jivair,,JIV,
Jonair,,JON,Ghana
Jonika,,JNK,
Jordan Aviation,R5,JAV,Jordan
Jordan International Air Cargo,,JCI,Jordan
Jota Aviation,,ENZ,United Kingdom
JoyAir,JR,JOY,China
JSX,XE,JSX,
Jubba Airways,JZ,JBW,
Juneyao Air,HO,DKH,China
Jung Sky,,JSY,
Just Us Air,,JOC,
K-Mile Air,8K,KMI,Thailand
K5-Aviation Germany,,KAY,
KaiserAir,,KAI,United States
Kalitta Air,K4,CKS,United States
Kalitta Charters,K9,KFS,United States
Kalitta Charters II,K5,KII,
Kam Air,RQ,KMF,Afghanistan
Kamaka Air,,KMK,
Kan Air,K8,KND,Thailand
KAP.kg,AB,KGS,
Kargo Xpress,WW,KXP,
Kartika Airlines,3Y,KAE,Indonesia
Karun Airlines,,KRU,
KD Air,,KDC,Canada
Keewatin Air,FK,KEW,
Kelowna Flightcraft Air,FK,KFA,Canada
Kenmore Air,M5,KEN,United States
Kenn Borek Air,4K,KBA,Canada
Kenya Airways,KQ,KQA,Kenya
Key Air,,KEY,United States
Key Lime Air,KG,LYM,United States
Keystone Air Service,,KEE,Canada
Khors Air,,KHO,Ukraine
Kish Air,,KIS,Germany
KlasJet,,KLJ,
KLM,KL,KLM,Netherlands
KLM Cityhopper,WA,KLC,Netherlands
KN Helicopters,,SHW,United States
Komiaviatrans,KO,KMA,Russia
Korean Air,KE,KAL,South Korea
Kosmos Airlines,,KSM,Russia
Krasavia,KI,SSJ,
Kunming Airlines,KY,KNA,Canada
Kuwait Airways,KU,KAC,Kuwait
La Compagnie,B0,DJT,United States
Labcorp,,SKQ,United States
LADE,5U,LDE,Argentina
LAM,TM,LAM,Mozambique
Lanmei Airlines,LQ,MKR,
Lao Airlines,QV,LAO,Laos
Lao Skyway,LK,LLL,Laos
LAS Cargo,4L,LAU,Colombia
Laser Airlines,QL,LER,Venezuela
LATAM Airlines,LA,LAN,Chile
LATAM Brasil,JJ,TAM,Brazil
LATAM Cargo Brasil,M3,LTG,
LATAM Cargo Chile,UC,LCO,Chile
LATAM Cargo Colombia,L7,LAE,
LATAM Chile,LU,LXP,Chile
LATAM Colombia,4C,ARE,Colombia
LATAM Ecuador,XL,LNE,Ecuador
LATAM Paraguay,PZ,LAP,Paraguay
LATAM Peru,LP,LPE,Peru
Lauda Europe,LW,LDA,Austria
LC Peru,W4,LCB,Peru
Leader,,LSA,Dominican Republic
Legacy Airways,,LGF,
Legend Airways,,DVY,
LIAT,LI,LIA,Antigua And Barbuda
Libyan Airlines,LN,LAA,Libya
Libyan Wings,YL,LWA,
Liebherr,,LHB,
Lift Airline,GE,GBB,South Africa
Limitless Airways,,LIM,
Línea Turística Aereotuy,,TUY,Venezuela
Lion Air,JT,LNI,Indonesia
Lipican Aer,,LIP,
LLC H3Operations,,UHO,
Loganair,LM,LOG,United Kingdom
LongJiang Airlines,LT,SNG,Senegal
Longtail Aviation,6T,LGT,Bermuda
Loong Air,GJ,CDC,
LOT,LO,LOT,Poland
Lucky Air,8L,LKE,China
Lufthansa,LH,DLH,Germany
Lufthansa Cargo,,GEC,Germany
Lufthansa CityLine,CL,CLH,Germany
Lufttransport,,LTR,Norway
Lunds Universitet,,UNY,Sweden
Luxair,LG,LGL,Luxembourg
Luxaviation,,LXA,Luxembourg
Luxaviation Belgium,,AAB,Belgium
Luxaviation E.A,,LMJ,Portugal
Luxaviation Germany,,LXG,Guinea-Bissau
Luxaviation UK,,LNX,United Kingdom
Luxembourg Air Ambulance,,LRQ,
Luxwing,BN,LWG,
Lydd Air,,LYD,United Kingdom
Lynden Air Cargo,L2,LYC,United States
Lynx Air,Y9,DAT,Belgium
MAE Aircraft Management,MA,MEN,
Magnicharters,UJ,GMT,Mexico
Mahan Air,W5,IRM,Iran
Makers Air,,WMA,
Malawian Airlines,3W,MWI,Malaysia
Malaysia Airlines,MH,MAS,Malaysia
Maldivian,Q2,DQA,Maldives
Maleth-Aero,DB,MLT,
Mali Air,,MAE,Austria
Malindo Air,OD,MXD,Malaysia
Malta Air,AL,MAY,
Manasik Aviation,,MNM,
Mandarin Airlines,AE,MDA,Taiwan
Mango,JE,MNO,South Africa
Mann Yadanarpon Airlines,7Y,MYP,Myanmar (Burma)
Manta Air,NR,MAV,Maldives
Map Linhas Aereas,7M,PAM,Germany
Martinair Holland,MP,MPH,Netherlands
Martinaire,,MRA,United States
MasAir Cargo Airline,M7,MAA,Mexico
MASwings,MY,MWG,
Mauritania Airlines International,L6,MAI,Kyrgyzstan
Mauritania Airlines International,L6,MAI,Mauritania
Max Air,VM,NGL,
Max Aviation,,MAX,Canada
Maxair,,NTW,South Africa
Maximus Airlines,6M,MXM,
Maya Island Air,2M,MYD,Belize
MAYAir,7M,MYI,Mexico
McCall Aviation,,MKL,United States
McNeely Charter Services,,MDS,United States
MEA,ME,MEA,Lebanon
Med-View Airline,VL,MEV,
Medavia,,MDM,Malta
Mel Air,5M,MDO,Dominican Republic
Meraj Airlines,,MRJ,
Mercury Air Cargo,4X,MEC,United States
Meridian,,MEM,Ukraine
Meridian Air Company,,MMM,Russia
Meridian Air Company,,MMM,Myanmar (Burma)
Mesa Airlines,YV,ASH,United States
MHS Aviation,M2,MHV,
Miami Air International,LL,BSK,United States
Miami Air Lease,,MGD,
MIAT Mongolian Airlines,OM,MGL,Mongolia
Mid Africa Aviation,,MFG,
Midwest Aviation,,DZR,
Midwest Aviation Division,,MWT,United States
MJet,,MJF,
MNG Airlines,MB,MNB,Turkey
Moçambique Expresso,,MXE,Mozambique
Modern Logistics,WD,MWM,
Monacair,QM,MCR,
Morningstar Air Express,,MAL,Canada
Motor Sich Airlines,M9,MSI,Ukraine
Mount Cook Airline,NM,NZM,New Zealand
Mountain Air Cargo,C2,MTN,United States
Mountain Aviation,,FTH,
Move,,MVE,
My Indo Airlines,2Y,MYU,
My Jet Saver,,MJS,
Myanmar Airways International,8M,MMA,
Myanmar National Airlines,UB,UBA,Myanmar (Burma)
MyWay Airlines,MJ,MYW,Italy
Naljets Limited,,APX,United States
Nam Air,IN,LKN,Sri Lanka
Nantucket Airlines,,ACK,United States
National Air Charters,JY,JYA,
National Airlines,N8,NCR,United States
National Airways,,NAE,United States
National Jet Systems,,QJE,
Nauru Airlines,ON,RON,Nauru
Nauru Airlines,ON,RON,Nauru
Naysa,ZN,NAY,Spain
Neos,NO,NOS,Italy
Nepal Airlines,RA,RNA,Nepal
Nepal Airlines,RA,RNA,Nepal
Nesma Airlines,NA,NSS,United States
Nesma Airlines,NE,NMA,Egypt
NetJets,1I,EJA,United States
NetJets,1I,EJA,United States
NetJets Europe,,NJE,
Netjets UK,,NJU,
Network Aviation,,NWK,
New England Airlines,EJ,NEA,United States
New England Patriots,,UDG,
NHC Northern Helicopter,,NHC,
NHV,,NHD,
NHV Helicopters,,NHZ,Chad
NightExpress,,EXT,Germany
Nile Air,NP,NIA,Egypt
Nippon Cargo Airlines,KZ,NCA,Japan
Nok Air,DD,NOK,Thailand
Nolinor Aviation,N5,NRL,Canada
Nomadic Aviation,,OMD,
Noordzee Helikopters Vlaanderen,,NHX,
Nordica,ND,NDA,United States
NordStar,Y7,TYA,
Nordwind Airlines,N4,NWS,Russia
Norlandair,,FNA,Iceland
NORRA,N7,FCM,Finland
Norsk Luftambulanse,,DOC,Norway
North Cariboo Air,,NCB,Canada
North Central,,NCJ,
North Flying,,NFA,Denmark
North Pole Parcel Service,,R3D,
North Star Aviation,,MVK,United Kingdom
North-West Air Company,0E,NWC,
North-Western Cargo International Airlines,CO,CNW,China
North-Wright Airways,HW,NWL,Canada
Northeastern Aviation Corporation,,NEW,
Northern Air Cargo,NC,NAC,United States
Northern Thunderbird Air,,NTA,Canada
Northwest Flyers,,NWF,
Northwestern Air,J3,PLR,Canada
Norwegian,,NAX,Norway
Norwegian Air International,,IBK,Norway
Norwegian Air Shuttle AOC,DY,NOZ,
Norwegian Air Sweden,LE,NSW,Australia
Norwegian Air Sweden AOC,D8,NSZ,
Norwegian Air UK,DI,NRS,United States
Norwegian Long Haul,,NLH,Norway
Nouvelair Tunisie,BJ,LBT,Tunisia
Nova Airways,,NOV,Sudan
Novair,NG,NAI,Croatia
Novair,N9,NVR,Sweden
Novoair,VQ,NVQ,
Nyxair,OJ,NYX,
OK Aviation Group,,NTF,
Okay Airways,BK,OKA,China
Olympic Air,OA,OAL,Greece
Olympus Airways,,OLY,Greece
Oman Air,WY,OMA,Oman
Omni Air International,OY,OAE,United States
Omni Air Transport,,DRL,
Omni Aviation,,OAV,Portugal
Omni Taxi Aereo,,OMI,
One Airways,OX,OEW,
Open Skies,LV,BOS,United Kingdom
Orbest,6O,OBS,Portugal
Orenburzhye,O7,ORG,Russia
Oriental Air Bridge,OC,ORC,Australia
Origin Air,OG,OGN,New Zealand
Ornge Air,,PUL,
Oscar Jet,,OSJ,
OSM Aviation Academy,,SCQ,
OTT Airlines,JF,OTT,
Overland Airways,OF,OLA,Nigeria
Oxford Aviation Academy,,OXF,
Paccair,,WIS,United States
Pacific Airline,BL,PIC,Vietnam
Pacific Coast Jet,,PXT,
Pacific Coastal Airlines,8P,PCO,Canada
PADAviation,,PVD,
Pakistan International Airlines,PK,PIA,Pakistan
PAL Airlines,PB,PVL,Italy
PAL Express,2P,GAP,Philippines
Palau Express Airlines,P9,PXC,
Palau National Airlines,4L,PNA,United States
Pan Europeenne Air Service,,PEA,France
Pan Pacific Airlines,8Y,AAV,United States
Panaviatic,,VPC,
Panellenic Airlines,,RJB,
Panorama Aviation,,PNO,
Paranair,ZP,AZP,United States
Pascan Aviation,P6,PSC,Canada
PassionAir,OP,DIG,
Patient Airlift Services,,PLZ,United States
Patria Pilot Training,,PPT,
PAWA Dominicana,7N,PWD,Dominican Republic
Peach,MM,APJ,United States
Pegas Fly,EO,KAR,Finland
Pegasus Airlines,PC,PGT,Turkey
Pegasus Elite Aviation,,PEG,
Pel-Air,,PFY,
People's,PE,PEV,Greece
Perimeter Aviation,YP,PAG,Canada
PHI,,PHM,United States
Philippine Airlines,PR,PAL,Philippines
Philippines AirAsia,Z2,APG,Thailand
Phoenix Air,PH,GRB,
Piedmont Airlines,PT,PDT,United States
Pilatus Flugzeugwerke,,PCH,Switzerland
Pilot Flight Academy,,PIP,
Pineapple Air,,PNP,Bahamas
Pink Sparrow,,SOW,Canada
Pivot Airlines,ZX,GGN,Canada
PixAir Survey,,PXR,
Planemaster Services,,PMS,United States
PlaneSense,,CNS,Canada
Play,OG,FPY,Democratic Republic Of The Congo
Plus Ultra,PU,PUE,Chile
PNG Air,CG,TOK,Papua New Guinea
Pobeda,DP,PBD,Russia
Polar Air Cargo,PO,PAC,United States
Polar Airlines,PI,RKA,Cote D'ivoire (Ivory Coast)
Polish Medical Air Rescue,,LPR,Argentina
Porter Airlines,PD,POE,Canada
Portugália Airlines,NI,PGA,Portugal
Poste Air Cargo,M4,MSA,Italy
Precision Air,PW,PRF,Tanzania
Premier Private Jets,,MVP,
Presidential Aviation,,PRD,United States
Priester Aviation,,PWA,United States
Prime Aviation,,PRZ,Indonesia
Prince Aviation,,PNC,Mexico
Priority Air Charter,,PRY,United States
Privaira,,PVO,United Kingdom
Private Jets,,OKC,
Private Wings,8W,PWF,Germany
Privilege Style,P6,PVG,Spain
ProAir Aviation,,PAV,Kazakhstan
Proflight Air Services,P0,PFZ,Zambia
PSA Airlines,OH,JIA,United States
Qanot Sharq,HH,QNT,Uzbekistan
Qantas,QF,QFA,Australia
QantasLink,,QLK,
Qatar - Amiri Flight,,QAF,Qatar
Qatar Air Cargo,,QAC,Qatar
Qatar Airways,QR,QTR,Qatar
Qatar Executive,QE,QQE,
Qazaq Air,IQ,QAZ,
Qeshm Airlines,QB,QSM,
Qingdao Airlines,QW,QDA,
Qingdao Jiutian International Flight Academy,,QJT,
Queen Air,,QNR,
Quest Diagnostics,,LBQ,United States
Quick Air Jet Charter,,QAJ,Germany
Quikjet Cargo Airlines,QO,FQA,
RAF-Avia,MT,MTL,Latvia
RAM Express,,RXP,Canada
Ravenair,,RVR,United Kingdom
Raya Airways,TH,RMY,
Rayani Air,RN,RKT,United Kingdom
Reach Air Medical Services,,REH,
Real Tonga Airline,,RLT,United States
Rectrix Aviation,,RIX,
Red Air,L5,REA,Ireland
Red Wing Aeroplane,,LAK,
Red Wings,WZ,RWZ,Russia
Redding Aero Enterprises,,BXR,United States
Redstar Aviation,,RHH,
Regent Airways,RX,RGE,
Regional,YS,RAE,France
Regional Air Services,8N,REG,Tanzania
Republic Airways,YX,RPA,United States
Rex,ZL,RXA,Australia
Rhoades Aviation,T4,RDS,United States
Richland Aviation,,RCA,United States
ROMCargo Airlines,NJ,RCR,
Rose Air,,REM,
Rossiya,FV,SDM,Russia
Rossiya - Special Flight Squadron,,RSD,Russia
Rotana Jet,RG,RJD,United Arab Emirates
Royal Air Freight,,RAX,United States
Royal Air Maroc,AT,RAM,Morocco
Royal Brunei Airlines,BI,RBA,Brunei
Royal Falcon,,RFJ,Jordan
Royal Flight,RL,ABG,Russia
Royal Jordanian,RJ,RJA,Jordan
Royal Wings,JO,RYW,
Royalair Philippines,RW,RYL,Aruba
Rubystar,,RSB,Belarus
Ruili Airlines,DR,RLH,
RUS Aviation,R4,RLB,
Rusline,7R,RLU,Russia
Russia - Ministry of Emergency Situations (MChS),,SUM,Russia
Rutaca Airlines,5R,RUC,Venezuela
RVL Aviation,,REV,
RwandAir,WB,RWD,Rwanda
RWL German Flight Academy,,RWL,Germany
Ryan Air (USA),7S,RYA,United States
Ryanair,FR,RYR,Ireland
Ryanair UK,RK,RUK,
Ryukyu Air Commuter,,RAC,Bosnia And Herzegovina
Ryukyu Air Commuter,,RAC,Cambodia
S7 Airlines,S7,SBI,Russia
SA Express,XZ,EXY,South Africa
SAAB Aircraft,,SCT,Sweden
SAAB Nyge Aero,,TGT,Sweden
SAF Helicopteres,,SHP,France
Safarilink Aviation,F2,XLK,Kenya
Safi Airways,4Q,SFW,
Saha Airlines,,IRZ,Iran
SalamAir,OV,OMS,Russia
Salzburg Jet Aviation,,MOZ,
Samoa Airways,OL,PAO,Samoa
San Marino Executive Aviation,,SMF,Sweden
Sansa,,LRS,Costa Rica
Sapsan Airline,,KGB,Kyrgyzstan
Sardinian Sky Service,,SSR,
SAS,SK,SAS,Sweden
SAS Connect,SL,SZS,
SATA Air Acores,SP,SAT,Portugal
Satena,9R,NSE,Colombia
Saudia,SV,SVA,Saudi Arabia
Saurya Airlines,,SAU,Spain
Sawyer Aviation,,SJA,Mexico
SaxonAir,,SXN,
SBA Airlines,S3,BBR,Venezuela
Scanwings,,ABF,Finland
SCAT,DV,VSV,Kazakhstan
Scoot,TR,TGW,Singapore
Scoot,TR,TGW,Australia
Seaborne,BB,SBS,United States
SeaPort Airlines,K5,SQH,United States
Secure Air Charter,,JCM,United States
Sepehran Airlines,IS,SHI,South Korea
Serene Air,ER,SEP,
Servizi Aerei,,SNM,Italy
Sevenair,,RVP,Portugal
Severstal Aircompany,D2,SSF,Russia
SF Airlines,O3,CSS,
Shandong Airlines,SC,CDG,China
Shanghai Airlines,FM,CSH,China
Shenzhen Airlines,ZH,CSZ,China
Shirak Avia,,SHS,Ethiopia
Shree Airlines,N9,SHA,Australia
Shuttle America,S5,TCF,United States
Siam General Aviation,5E,SGN,Thailand
Sichuan Airlines,3U,CSC,China
Sideral Linhas Aereas,,SID,
Sierra West Airlines,P8,PKW,United States
Silesia Air,,SUA,Czechia
Silk Way Airlines,ZP,AZQ,Azerbaijan
Silk Way West Airlines,7L,AZG,Georgia
Silver Air,,SIS,Egypt
Silver Air,,SLD,Czechia
Silver Airways,3M,SIL,Mexico
Silver Cloud Air,,SCR,Thailand
Silverhawk Aviation,,SLH,United States
Silverstone Air Services,,SLR,
Simrik Airlines,,RMK,Nepal
Singapore Airlines,SQ,SIA,Singapore
Singapore Airlines Cargo,,SQC,Singapore
Sirio,,SIO,Italy
Sirius Aero,SA,CIG,Russia
SKS Airways,KI,SJB,
Sky Airline,H2,SKU,Chile
Sky Airline Peru,H8,SKX,Sweden
Sky Angkor Airlines,ZA,SWM,Cambodia
Sky Bus,,HVY,Australia
Sky Cana,RD,SNA,Germany
Sky Express,GQ,SEH,Greece
Sky Gates Airlines,U3,SAY,United Kingdom
Sky KG Airlines,,KGK,
Sky Lease Cargo,GG,KYE,
Sky Mali,ML,FML,
Sky Quest,,ERY,
Skyborne Airline Academy,,SFY,United States
Skybridge,,KYB,Italy
Skybus,,IOS,United Kingdom
Skyfirst,,KFE,
SkyJet Airlines,M8,MSJ,
SkyLink Express,,SLQ,
Skymark Airlines,BC,SKY,Japan
Skyservice Business Aviation,,SYB,
Skytaxi,TE,IGA,Poland
Skytrans,QN,SKP,Canada
SkyUp Airlines,PQ,SQP,
Skyward Express,OW,SEW,
Skyway Enterprises,,SKZ,United States
SkyWest Airlines,OO,SKW,United States
Slam Lavori Aerei,,SLJ,
Sloane Helicopters,,SLN,United Kingdom
Smart Aviation,,SME,Kazakhstan
Smart Jet,,SAH,Kazakhstan
Smartavia,5N,AUL,Russia
Smartline,,SMG,United Kingdom
SmartLynx,6Y,ART,Colombia
SmartLynx Airlines Estonia,,MYX,
SmartLynx Malta,2N,LYX,Pakistan
Smartwings,QS,TVS,Czechia
Smartwings Hungary,7O,TVL,Hungary
Smartwings Poland,3Z,TVP,
Smartwings Slovakia,6D,TVQ,
Solairus Aviation,,TWY,
Solaseed Air,6J,SNJ,Japan
Solenta Aviation,,SET,Ecuador
Solid Air,,SOX,Netherlands
Solinair,SP,SOP,Slovenia
Solomon Airlines,IE,SOL,Solomon Islands
Somon Air,SZ,SMR,Tajikistan
Songbird Airways,6K,SGB,United States
Sounds Air,S8,SDA,Canada
South African Airways,SA,SAA,South Africa
Southern Air,9S,SOO,United States
Southern Air Charter,PL,SOA,Bahamas
Southern Airways Express,9X,FDY,
Southern Cross International,,SXI,
Southwest Airlines,WN,SWA,United States
Sparfell Luftfahrt,,LDX,
Speedwings Executive Jet,,SPG,United States
SpiceJet,SG,SEJ,India
Spirit Airlines,NK,NKS,United States
SpiritJets,,SJJ,United States
Spring Airlines,9C,CQH,China
Spring Airlines Japan,IJ,SJO,Japan
SprintAir,P8,SRN,Russia
SprintAir,P8,SRN,Poland
SriLankan Airlines,UL,ALK,Sri Lanka
Sriwijaya Air,SJ,SJY,Indonesia
St Barth Commuter,PV,SBU,France
St Barth Executive,,STB,Ukraine
STAjets,,KFB,
Star Air,DJ,SRR,Denmark
Star Air,S5,SDG,
Star Air Cargo,,BRH,
Star East Airlines,4R,SEK,Kazakhstan
Star Peru,2I,SRU,Peru
Star Wings,,STQ,Indonesia
Starflyer,7G,SFJ,Japan
Starlight Airlines,QP,SLT,
Starlink Aviation,Q4,TLK,
Starlux,JX,SJX,
Sterling Aviation,,NSH,
Suburban Air Freight,,SUB,United States
Sudan Airways,SD,SUD,Sudan
Summit Air,,SUT,Mexico
Sun Air,1Y,SNR,
Sun Country Airlines,SY,SCX,United States
Sun-Air,EZ,SUS,Denmark
Sunair Aviation,ZU,SAV,Kazakhstan
Sunclass Airlines,DK,VKG,Denmark
Suncor Energy,,JSN,
Sundair,SR,SDR,Sweden
Sundance Air Venezuela,R8,SUV,Venezuela
Sundt Air,,AKK,Canada
Sundt Air,,MDT,Norway
SunExpress,XQ,SXS,Turkey
Sunkar Air,,BBK,
Sunrise Airways,S6,KSZ,Haiti
Sunstate Airlines,,SSQ,Australia
Sunwest Aviation,,CNK,Canada
Sunwing Airlines,WG,SWG,Canada
Suparna Airlines,Y8,YZR,China
Super Air Jet,IU,SJV,
Surf Air,,URF,
Surinam Airways,PY,SLM,Suriname
Susi Air,,SQS,
Svenskt Ambulansflyg,,SWE,Sweden
Svenskt Industriflyg,,JET,Italy
Sweden - Swedish Maritime Administration,,HMF,Sweden
Swiftair,WT,SWT,Spain
Swiftair Hellas,,MDF,Greece
Swiss,LX,SWR,Switzerland
Swiss,LX,SWR,Switzerland
Swiss Air-Ambulance,,SAZ,Switzerland
Swiss Flight Services,,SFS,Canada
Swiss Global Air Lines,LZ,SWU,Switzerland
Swiss Helicopter,,HSI,Switzerland
Swoop,WO,WSW,
Sylt Air,7E,AWU,Germany
Syncrude Canada,,SYN,Canada
Syrian Air,RB,SYR,Syria
T'way Air,TW,TWB,South Korea
TAAG Angola Airlines,DT,DTA,Angola
TAB Cargo,2L,BOL,Bolivia
Taban Airlines,,TBN,Sierra Leone
TAG Airlines,5U,TGU,
TAG Aviation,,VIP,United Kingdom
TAG Aviation Malta,,TEU,
TAG Aviation San Marino,,TAG,United States
Tailwind Air,TQ,PGN,
Tailwind Airlines,TI,TWI,
Tajik Air,7J,TJK,Tajikistan
Talon Air,,TFF,United States
Tanana Air Service,Z3,TNR,United States
Tandem-Aero,TQ,TDM,Moldova
TAP Air Portugal,TP,TAP,Portugal
Taquan Air,K3,TQN,United States
TAR Aerolineas,YQ,LCT,Spain
Tarco Air,3T,TQQ,
Tarom,RO,ROT,Romania
Tasman Cargo Airlines,HJ,TMN,
Tassili Airlines,SF,DTH,Algeria
Tayaran Jet,,TJB,
TCA,N6,TZS,
Tchadia Airlines,OT,CDO,
Ten Airways,X5,OTJ,Romania
Terra Avia,T8,TVR,Ukraine
Texel Air,,XLR,
Tez Jet Airlines,,TEZ,Kyrgyzstan
Thai AirAsia,FD,AIQ,Thailand
Thai AirAsia X,XJ,TAX,Germany
Thai Airways,TG,THA,Thailand
Thai Eastar Jet,ZT,ESS,United States
Thai Lion Air,SL,TLM,Netherlands
Thai Smile,WE,THD,Canada
Thai Vietjet Air,VZ,TVJ,Thailand
The Little Jet Company,,LJC,
Thomas Cook Airlines,MT,TCX,United Kingdom
Thomas Cook Aviation,H3,TCN,United States
Thrive,,TIV,
Thunder Airlines,,THU,Canada
Tianjin Air Cargo,HT,CTJ,
Tianjin Airlines,GS,GCR,China
Tiara Air,3P,TNM,Aruba
Tibet Airlines,TV,TBA,Brazil
Tigerair Taiwan,IT,TTW,
Time Air,,TIE,Czechia
Titan Airways,ZT,AWC,United Kingdom
Titan Airways Malta,TM,TMT,United States
Toll Aviation,,TFX,
Total Cargo,L1,TTL,Brazil
Toyo Aviation,,TOY,Canada
Trade Air,C3,TDR,Croatia
Tradewind Aviation,TJ,GPD,United States
Trans Air Congo,Q8,TSG,Democratic Republic Of The Congo
Trans Guyana Airways,,TGY,Guyana
Trans Maldivian Airways,,TMW,Maldives
Transair,R2,GTS,
Transair,R9,MUI,United States
Transavia,HV,TRA,Netherlands
Transavia France,TO,TVF,France
Transaviabaltika,,KTB,Lithuania
Transaviaexport Airlines,,TXC,Belarus
TransNusa,8B,TNU,Indonesia
Transwest Air,4T,WEW,Canada
Travel Management Company,,TMC,
Tri-MG Intra Asia Airlines,GM,TMG,Indonesia
Tri-State Aero,,TSS,United States
Trigana Air,IL,TGN,Indonesia
Tropic Air,9N,TOS,Belize
Trujet,2T,TRJ,United Kingdom
Tsaradia,TZ,TDS,
TUI Airways,BY,TOM,United Kingdom
TUI fly,X3,TUI,Tunisia
TUI fly Netherlands,OR,TFL,Netherlands
TUI fly Nordic,6B,BLX,Sweden
TUIfly Belgium,TB,JAF,Belgium
TUM AeroCarga,,MCS,Greece
Tunisair,TU,TAR,Tunisia
Tunisair Express,UG,TUX,Kazakhstan
Turkish Airlines,TK,THY,Turkey
Turkmenistan Airlines,T5,TUA,Turkmenistan
Turkuaz Airlines,,TRK,Turkey
Turpial Airlines,T9,VTU,
Tus Airways,U8,CYF,Denmark
Twin Jet,T7,TJT,France
Tyrol Air Ambulance,,TYW,Austria
Tyrolean Jet Service,,TJS,Austria
UG Jet,,UGJ,
Uganda Airlines,UR,UGD,
Ukraine Air Alliance,,UKL,Ukraine
Ukraine International Airlines,PS,AUI,Ukraine
Ukrainian Mediterranean Airlines,UF,UKM,Ukraine
Ukrainian Wings,,UWJ,
ULS Airlines Cargo,GO,KZU,Turkey
Ultimate Air Shuttle,UE,UJC,
UNI Air,B7,UIA,Taiwan
Uni-Top Airlines,UW,UTP,
Union Aviation,,UAG,Ghana
Unique Air,,UQA,
United Airlines,UA,UAL,United States
United Nations,,UNO,
United Nigeria Airlines,U5,NUA,
United States - US Forest Service,,XCN,
Uniworld Air Cargo,U7,UCG,
UPS,5X,UPS,United States
UR Airlines,UD,UBD,Bangladesh
Ural Airlines,U6,SVR,Russia
Urumqi Airlines,UQ,CUH,
US-Bangla Airlines,BS,UBG,Bangladesh
USA Jet Airlines,,JUS,United States
USAC Airways 695,TD,BLK,Canada
UTair,UT,UTA,Russia
UVT Aero,RT,UVT,Indonesia
Uzbekistan Airways,HY,UZB,Uzbekistan
V Air,ZV,VAX,Taiwan
Valair,,VVV,
Valljet,,VLJ,
Van Air Europe,V9,VAA,Czechia
Vanilla Air,JW,VNL,
Varesh Airlines,,VRH,
Vasco,0V,VFC,Vietnam
Venezolana,,VNE,Venezuela
Veteran Airline,,VTF,
Veteran Airlines,,VPB,Ukraine
VI Airlink,,VIL,
ViaAir,VC,SRY,United States
Victory Air,,FTN,
Vieques Air Link,V4,VES,United States
VietJet Air,VJ,VJC,Vietnam
Vietnam Airlines,VN,HVN,Vietnam
Vietravel Airlines,VU,VAG,Kazakhstan
VIM Airlines,NN,MOV,Russia
Virgin America,VX,VRD,United States
Virgin Atlantic,VS,VIR,United Kingdom
Virgin Atlantic International,,VGI,
Virgin Australia,VA,VOZ,Australia
Virgin Australia Regional,,OZW,Australia
Vision Air International,,VIS,Pakistan
Vision Airlines,V2,RBY,United States
VistaJet,,VJT,Canada
Vistara,UK,VTI,India
Viva Air,VH,VVC,Colombia
Viva Air Peru,VV,VPE,
VivaAerobus,VB,VIV,Mexico
VoePass Linhas Aereas,2Z,PTB,Brazil
Volare Aviation,,VLZ,
Volaris,Y4,VOI,Mexico
Volaris Costa Rica,Q6,VOC,
Volaris El Salvador,N3,VOS,South Africa
Volato,,TMB,
Volga-Dnepr Airlines,VI,VDA,Russia
Volotea,V7,VOE,Spain
Voluxis,,VXS,
Voyage Air,VO,VRG,
Voyageur Airways,VC,VAL,Canada
Vueling,VY,VLG,Spain
VW Air Service,,BTX,
Wamos Air,EB,PLM,Spain
Warbelows Air Ventures,4W,WAV,United States
Wasaya Airways,,WSG,Canada
Wataniya Airways,,WAN,
West Air,PN,CHB,China
West Air,,WLX,Luxembourg
West Air,,PCM,United States
West Air Sweden,,SWN,Sweden
West Atlantic,,NPT,United Kingdom
West Coast Charters,,WCC,United States
Westair Aviation,WV,WAA,Namibia
Western Air,WU,WST,Bahamas
Western Air Express,,WAE,United States
Western Aircraft,ST,STT,United States
Western Global Airlines,KD,WGN,
WestJet,WS,WJA,Canada
WestJet Encore,WR,WEN,Canada
White,WI,WHT,Portugal
Wideroe,WF,WIF,Norway
Wiggins Airways,,WIG,United States
Wiking Helikopter Service,,WHS,Germany
Winair,WM,WIA,Netherlands
Windrose Air Jetcharter,,QGA,Germany
Windrose Airlines,7W,WRC,Ukraine
Wingo,P5,RPB,Colombia
Wings Air,IW,WON,Indonesia
Wings of Lebanon,W7,WLB,Lebanon
Wizz Air,W6,WZZ,Hungary
Wizz Air Abu Dhabi,5W,WAZ,
Wizz Air UK,W9,WUK,
World Atlantic Airlines,WL,WAL,United States
World Atlantic Airlines,WL,WAL,Canada
World Cargo Airlines,3G,WCM,
World2Fly,2W,WFL,
Worldwide Jet Charter,,WWI,United States
Wright Air Service,8V,WRF,United States
Xfly,EE,EST,Mexico
Xiamen Air,MF,CXA,China
Xo,,XOJ,United States
Yakutia Airlines,R3,SYL,Russia
Yamal Airlines,YC,LLM,Russia
YanAir,YE,ANR,
Yemenia,IY,IYE,Yemen
Yeti Airlines,YT,NYT,Nepal
YTO Cargo Airlines,YG,HYT,
Zagros Airlines,ZO,IZG,Iran
Zambia Airways,ZN,AZB,Kazakhstan
Zambian Airways,,MBN,Zambia
Zanair,,TAN,Tanzania
Zenflight,,XEN,
Zenith Aviation,,BZE,Brazil
Zetavia,ZK,ZAV,
Zimex Aviation,XM,IMX,Switzerland
Zimex Aviation Austria,,AZD,
ZIPAIR,ZG,TZP,
Zorex,,ORZ,Spain
